Simple,
Soda,
Turkey,
7UP,
Pils,
Grapes,
Cheese,
Bagels,
Cava,
Papaya,
Wasabi,
Grater,
Milano,
Mint,
7-Up,
Syrup,
Muesli,
Tape,
Eggs,
Butter,
Tofu,
Okra,
Bagel,
Bleach,
Merlot,
TAB,
Yams,
Balm,
Onions,
Toma,
Tongs,
Brandy,
Guava,
Pabst,
Quince,
Orzo,
Lime,
Ale,
Jerky,
Scoops,
Farro,
Panko,
Basil,
Crepes,
Hummus,
Matzos,
Cumin,
Dill,
Gigli,
Dolmas,
Flags,
Pizza,
2 Cup,
Fiber,
Mole,
#NAME?,
Brie,
Mini,
Radish,
Lychee,
Navel,
Limon,
Peeler,
Crispy,
Wakame,
Apples,
Thyme,
Lager,
Kiwi,
Flour,
Pluot,
Paneer,
Cloves,
Turnip,
Mangos,
Salsa,
Matcha,
Clara,
Sours,
Frost,
Kimchi,
Milk,
Eggnog,
Rogue,
Light,
Beans,
Drink,
Lemons,
Mamey,
Kolsch,
805,
Corn,
Spoons,
Chili,
Ziti,
Celery,
White,
Ginger,
Fish,
Salt,
Baster,
Bread,
Brut,
Sage,
Cereal,
Salami,
Turner,
Straws,
Gouda,
Salame,
Penne,
Pepsi,
Pep Ru,
Jicama,
Carafe,
Plums,
Chives,
Inari,
Tuna,
Orange,
Chia,
Carrot,
Tea,
Bag,
Minis,
Port,
Candy,
Banana,
Egg,
Tomato,
Yam,
1664,
Water,
Limes,
Cotija,
Rioja,
Ponzu,
Stevia,
Zero,
Malbec,
Ultra,
Plum,
Leek,
Bowls,
Coke,
Shells,
Notes,
Elbows,
Alum,
Cocoa,
Pecans,
Peas,
Shrimp,
Mundet,
Quark,
Roses,
IPA,
Black,
Pears,
Garlic,
DM Max,
Naan,
Yogurt,
Creamy,
Peach,
Kraut,
Porter,
Rotini,
Ghee,
Shiraz,
Bianco,
Gin,
Rose,
Quinoa,
2010,
Squash,
BBQ,
Mango,
Amber,
Snacks,
Fennel,
Kale,
Syrah,
Wipes,
Ham,
Sauce,
Rolls,
Pesto,
Menudo,
Sugar,
Marias,
Cidre,
Lard,
Franks,
Bacon,
Red,
Beets,
Vodka,
Prunes,
Tulips,
Tahini,
Sake,
Beer,
Capers,
Ice,
Mojito,
Onion,
Kombu,
Cola,
Beet,
Masher,
Polish,
Matzo,
Bueno,
Diet,
Apple,
KitKat,
Dates,
Lemon,
Coffee,
Bamba,
Puffs,
Spread,
Blanc,
Honey,
Porto,